,Neighborhood,Neighborhood Latitude,Neighborhood Longitude,Hospital,Hospital Latitude,Hospital Longitude,Hospital Distance
0,"Malvern, Rouge",43.806686299999996,-79.19435340000001,Humber River Hospital,43.7243374469061,-79.48806648987852,25329
1,"Malvern, Rouge",43.806686299999996,-79.19435340000001,The Hospital for Sick Children (SickKids),43.657498668962646,-79.3865121609307,22687
2,"Malvern, Rouge",43.806686299999996,-79.19435340000001,St. Joseph's Health Centre,43.64026397700647,-79.45082806054978,27729
3,"Malvern, Rouge",43.806686299999996,-79.19435340000001,Mount Sinai Hospital,43.657701,-79.389711,22846
4,"Malvern, Rouge",43.806686299999996,-79.19435340000001,Providence HealthCare,43.71242876097498,-79.28443684050733,12749
5,"Rouge Hill, Port Union, Highland Creek",43.7845351,-79.16049709999999,Humber River Hospital,43.7243374469061,-79.48806648987852,25329
6,"Rouge Hill, Port Union, Highland Creek",43.7845351,-79.16049709999999,The Hospital for Sick Children (SickKids),43.657498668962646,-79.3865121609307,22687
7,"Rouge Hill, Port Union, Highland Creek",43.7845351,-79.16049709999999,St. Joseph's Health Centre,43.64026397700647,-79.45082806054978,27729
8,"Rouge Hill, Port Union, Highland Creek",43.7845351,-79.16049709999999,Mount Sinai Hospital,43.657701,-79.389711,22846
9,"Rouge Hill, Port Union, Highland Creek",43.7845351,-79.16049709999999,Providence HealthCare,43.71242876097498,-79.28443684050733,12749
10,"Guildwood, Morningside, West Hill",43.7635726,-79.1887115,Humber River Hospital,43.7243374469061,-79.48806648987852,25329
11,"Guildwood, Morningside, West Hill",43.7635726,-79.1887115,The Hospital for Sick Children (SickKids),43.657498668962646,-79.3865121609307,22687
12,"Guildwood, Morningside, West Hill",43.7635726,-79.1887115,St. Joseph's Health Centre,43.64026397700647,-79.45082806054978,27729
13,"Guildwood, Morningside, West Hill",43.7635726,-79.1887115,Mount Sinai Hospital,43.657701,-79.389711,22846
14,"Guildwood, Morningside, West Hill",43.7635726,-79.1887115,Providence HealthCare,43.71242876097498,-79.28443684050733,12749
15,Woburn,43.7709921,-79.21691740000001,Humber River Hospital,43.7243374469061,-79.48806648987852,25329
16,Woburn,43.7709921,-79.21691740000001,The Hospital for Sick Children (SickKids),43.657498668962646,-79.3865121609307,22687
17,Woburn,43.7709921,-79.21691740000001,St. Joseph's Health Centre,43.64026397700647,-79.45082806054978,27729
18,Woburn,43.7709921,-79.21691740000001,Mount Sinai Hospital,43.657701,-79.389711,22846
19,Woburn,43.7709921,-79.21691740000001,Providence HealthCare,43.71242876097498,-79.28443684050733,12749
20,Cedarbrae,43.773136,-79.23947609999999,Humber River Hospital,43.7243374469061,-79.48806648987852,25329
21,Cedarbrae,43.773136,-79.23947609999999,The Hospital for Sick Children (SickKids),43.657498668962646,-79.3865121609307,22687
22,Cedarbrae,43.773136,-79.23947609999999,St. Joseph's Health Centre,43.64026397700647,-79.45082806054978,27729
23,Cedarbrae,43.773136,-79.23947609999999,Mount Sinai Hospital,43.657701,-79.389711,22846
24,Cedarbrae,43.773136,-79.23947609999999,Providence HealthCare,43.71242876097498,-79.28443684050733,12749
25,Scarborough Village,43.7447342,-79.23947609999999,Humber River Hospital,43.7243374469061,-79.48806648987852,25329
26,Scarborough Village,43.7447342,-79.23947609999999,The Hospital for Sick Children (SickKids),43.657498668962646,-79.3865121609307,22687
27,Scarborough Village,43.7447342,-79.23947609999999,St. Joseph's Health Centre,43.64026397700647,-79.45082806054978,27729
28,Scarborough Village,43.7447342,-79.23947609999999,Mount Sinai Hospital,43.657701,-79.389711,22846
29,Scarborough Village,43.7447342,-79.23947609999999,Providence HealthCare,43.71242876097498,-79.28443684050733,12749
30,"Kennedy Park, Ionview, East Birchmount Park",43.7279292,-79.26202940000002,Humber River Hospital,43.7243374469061,-79.48806648987852,25329
31,"Kennedy Park, Ionview, East Birchmount Park",43.7279292,-79.26202940000002,The Hospital for Sick Children (SickKids),43.657498668962646,-79.3865121609307,22687
32,"Kennedy Park, Ionview, East Birchmount Park",43.7279292,-79.26202940000002,St. Joseph's Health Centre,43.64026397700647,-79.45082806054978,27729
33,"Kennedy Park, Ionview, East Birchmount Park",43.7279292,-79.26202940000002,Mount Sinai Hospital,43.657701,-79.389711,22846
34,"Kennedy Park, Ionview, East Birchmount Park",43.7279292,-79.26202940000002,Providence HealthCare,43.71242876097498,-79.28443684050733,12749
35,"Golden Mile, Clairlea, Oakridge",43.711111700000004,-79.2845772,Humber River Hospital,43.7243374469061,-79.48806648987852,25329
36,"Golden Mile, Clairlea, Oakridge",43.711111700000004,-79.2845772,The Hospital for Sick Children (SickKids),43.657498668962646,-79.3865121609307,22687
37,"Golden Mile, Clairlea, Oakridge",43.711111700000004,-79.2845772,St. Joseph's Health Centre,43.64026397700647,-79.45082806054978,27729
38,"Golden Mile, Clairlea, Oakridge",43.711111700000004,-79.2845772,Mount Sinai Hospital,43.657701,-79.389711,22846
39,"Golden Mile, Clairlea, Oakridge",43.711111700000004,-79.2845772,Providence HealthCare,43.71242876097498,-79.28443684050733,12749
40,"Cliffside, Cliffcrest, Scarborough Village West",43.716316,-79.23947609999999,Humber River Hospital,43.7243374469061,-79.48806648987852,25329
41,"Cliffside, Cliffcrest, Scarborough Village West",43.716316,-79.23947609999999,The Hospital for Sick Children (SickKids),43.657498668962646,-79.3865121609307,22687
42,"Cliffside, Cliffcrest, Scarborough Village West",43.716316,-79.23947609999999,St. Joseph's Health Centre,43.64026397700647,-79.45082806054978,27729
43,"Cliffside, Cliffcrest, Scarborough Village West",43.716316,-79.23947609999999,Mount Sinai Hospital,43.657701,-79.389711,22846
44,"Cliffside, Cliffcrest, Scarborough Village West",43.716316,-79.23947609999999,Providence HealthCare,43.71242876097498,-79.28443684050733,12749
45,"Birch Cliff, Cliffside West",43.692657000000004,-79.2648481,Humber River Hospital,43.7243374469061,-79.48806648987852,25329
46,"Birch Cliff, Cliffside West",43.692657000000004,-79.2648481,The Hospital for Sick Children (SickKids),43.657498668962646,-79.3865121609307,22687
47,"Birch Cliff, Cliffside West",43.692657000000004,-79.2648481,St. Joseph's Health Centre,43.64026397700647,-79.45082806054978,27729
48,"Birch Cliff, Cliffside West",43.692657000000004,-79.2648481,Mount Sinai Hospital,43.657701,-79.389711,22846
49,"Birch Cliff, Cliffside West",43.692657000000004,-79.2648481,Providence HealthCare,43.71242876097498,-79.28443684050733,12749
50,"Dorset Park, Wexford Heights, Scarborough Town Centre",43.7574096,-79.27330400000001,Humber River Hospital,43.7243374469061,-79.48806648987852,25329
51,"Dorset Park, Wexford Heights, Scarborough Town Centre",43.7574096,-79.27330400000001,The Hospital for Sick Children (SickKids),43.657498668962646,-79.3865121609307,22687
52,"Dorset Park, Wexford Heights, Scarborough Town Centre",43.7574096,-79.27330400000001,St. Joseph's Health Centre,43.64026397700647,-79.45082806054978,27729
53,"Dorset Park, Wexford Heights, Scarborough Town Centre",43.7574096,-79.27330400000001,Mount Sinai Hospital,43.657701,-79.389711,22846
54,"Dorset Park, Wexford Heights, Scarborough Town Centre",43.7574096,-79.27330400000001,Providence HealthCare,43.71242876097498,-79.28443684050733,12749
55,"Wexford, Maryvale",43.750071500000004,-79.2958491,Humber River Hospital,43.7243374469061,-79.48806648987852,25329
56,"Wexford, Maryvale",43.750071500000004,-79.2958491,The Hospital for Sick Children (SickKids),43.657498668962646,-79.3865121609307,22687
57,"Wexford, Maryvale",43.750071500000004,-79.2958491,St. Joseph's Health Centre,43.64026397700647,-79.45082806054978,27729
58,"Wexford, Maryvale",43.750071500000004,-79.2958491,Mount Sinai Hospital,43.657701,-79.389711,22846
59,"Wexford, Maryvale",43.750071500000004,-79.2958491,Providence HealthCare,43.71242876097498,-79.28443684050733,12749
60,Agincourt,43.7942003,-79.26202940000002,Humber River Hospital,43.7243374469061,-79.48806648987852,25329
61,Agincourt,43.7942003,-79.26202940000002,The Hospital for Sick Children (SickKids),43.657498668962646,-79.3865121609307,22687
62,Agincourt,43.7942003,-79.26202940000002,St. Joseph's Health Centre,43.64026397700647,-79.45082806054978,27729
63,Agincourt,43.7942003,-79.26202940000002,Mount Sinai Hospital,43.657701,-79.389711,22846
64,Agincourt,43.7942003,-79.26202940000002,Providence HealthCare,43.71242876097498,-79.28443684050733,12749
65,"Clarks Corners, Tam O'Shanter, Sullivan",43.7816375,-79.3043021,Humber River Hospital,43.7243374469061,-79.48806648987852,25329
66,"Clarks Corners, Tam O'Shanter, Sullivan",43.7816375,-79.3043021,The Hospital for Sick Children (SickKids),43.657498668962646,-79.3865121609307,22687
67,"Clarks Corners, Tam O'Shanter, Sullivan",43.7816375,-79.3043021,St. Joseph's Health Centre,43.64026397700647,-79.45082806054978,27729
68,"Clarks Corners, Tam O'Shanter, Sullivan",43.7816375,-79.3043021,Mount Sinai Hospital,43.657701,-79.389711,22846
69,"Clarks Corners, Tam O'Shanter, Sullivan",43.7816375,-79.3043021,Providence HealthCare,43.71242876097498,-79.28443684050733,12749
70,"Milliken, Agincourt North, Steeles East, L'Amoreaux East",43.8152522,-79.2845772,Humber River Hospital,43.7243374469061,-79.48806648987852,25329
71,"Milliken, Agincourt North, Steeles East, L'Amoreaux East",43.8152522,-79.2845772,The Hospital for Sick Children (SickKids),43.657498668962646,-79.3865121609307,22687
72,"Milliken, Agincourt North, Steeles East, L'Amoreaux East",43.8152522,-79.2845772,St. Joseph's Health Centre,43.64026397700647,-79.45082806054978,27729
73,"Milliken, Agincourt North, Steeles East, L'Amoreaux East",43.8152522,-79.2845772,Mount Sinai Hospital,43.657701,-79.389711,22846
74,"Milliken, Agincourt North, Steeles East, L'Amoreaux East",43.8152522,-79.2845772,Providence HealthCare,43.71242876097498,-79.28443684050733,12749
75,"Steeles West, L'Amoreaux West",43.799525200000005,-79.3183887,Humber River Hospital,43.7243374469061,-79.48806648987852,25329
76,"Steeles West, L'Amoreaux West",43.799525200000005,-79.3183887,The Hospital for Sick Children (SickKids),43.657498668962646,-79.3865121609307,22687
77,"Steeles West, L'Amoreaux West",43.799525200000005,-79.3183887,St. Joseph's Health Centre,43.64026397700647,-79.45082806054978,27729
78,"Steeles West, L'Amoreaux West",43.799525200000005,-79.3183887,Mount Sinai Hospital,43.657701,-79.389711,22846
79,"Steeles West, L'Amoreaux West",43.799525200000005,-79.3183887,Providence HealthCare,43.71242876097498,-79.28443684050733,12749
80,Upper Rouge,43.836124700000006,-79.20563609999999,Humber River Hospital,43.7243374469061,-79.48806648987852,25329
81,Upper Rouge,43.836124700000006,-79.20563609999999,The Hospital for Sick Children (SickKids),43.657498668962646,-79.3865121609307,22687
82,Upper Rouge,43.836124700000006,-79.20563609999999,St. Joseph's Health Centre,43.64026397700647,-79.45082806054978,27729
83,Upper Rouge,43.836124700000006,-79.20563609999999,Mount Sinai Hospital,43.657701,-79.389711,22846
84,Upper Rouge,43.836124700000006,-79.20563609999999,Providence HealthCare,43.71242876097498,-79.28443684050733,12749
85,Hillcrest Village,43.8037622,-79.3634517,Humber River Hospital,43.7243374469061,-79.48806648987852,25329
86,Hillcrest Village,43.8037622,-79.3634517,The Hospital for Sick Children (SickKids),43.657498668962646,-79.3865121609307,22687
87,Hillcrest Village,43.8037622,-79.3634517,St. Joseph's Health Centre,43.64026397700647,-79.45082806054978,27729
88,Hillcrest Village,43.8037622,-79.3634517,Mount Sinai Hospital,43.657701,-79.389711,22846
89,Hillcrest Village,43.8037622,-79.3634517,Providence HealthCare,43.71242876097498,-79.28443684050733,12749
90,"Fairview, Henry Farm, Oriole",43.7785175,-79.3465557,Humber River Hospital,43.7243374469061,-79.48806648987852,25329
91,"Fairview, Henry Farm, Oriole",43.7785175,-79.3465557,The Hospital for Sick Children (SickKids),43.657498668962646,-79.3865121609307,22687
92,"Fairview, Henry Farm, Oriole",43.7785175,-79.3465557,St. Joseph's Health Centre,43.64026397700647,-79.45082806054978,27729
93,"Fairview, Henry Farm, Oriole",43.7785175,-79.3465557,Mount Sinai Hospital,43.657701,-79.389711,22846
94,"Fairview, Henry Farm, Oriole",43.7785175,-79.3465557,Providence HealthCare,43.71242876097498,-79.28443684050733,12749
95,Bayview Village,43.7869473,-79.385975,Humber River Hospital,43.7243374469061,-79.48806648987852,25329
96,Bayview Village,43.7869473,-79.385975,The Hospital for Sick Children (SickKids),43.657498668962646,-79.3865121609307,22687
97,Bayview Village,43.7869473,-79.385975,St. Joseph's Health Centre,43.64026397700647,-79.45082806054978,27729
98,Bayview Village,43.7869473,-79.385975,Mount Sinai Hospital,43.657701,-79.389711,22846
99,Bayview Village,43.7869473,-79.385975,Providence HealthCare,43.71242876097498,-79.28443684050733,12749
100,"York Mills, Silver Hills",43.7574902,-79.37471409999999,Humber River Hospital,43.7243374469061,-79.48806648987852,25329
101,"York Mills, Silver Hills",43.7574902,-79.37471409999999,The Hospital for Sick Children (SickKids),43.657498668962646,-79.3865121609307,22687
102,"York Mills, Silver Hills",43.7574902,-79.37471409999999,St. Joseph's Health Centre,43.64026397700647,-79.45082806054978,27729
103,"York Mills, Silver Hills",43.7574902,-79.37471409999999,Mount Sinai Hospital,43.657701,-79.389711,22846
104,"York Mills, Silver Hills",43.7574902,-79.37471409999999,Providence HealthCare,43.71242876097498,-79.28443684050733,12749
105,"Willowdale, Newtonbrook",43.789053,-79.40849279999999,Humber River Hospital,43.7243374469061,-79.48806648987852,25329
106,"Willowdale, Newtonbrook",43.789053,-79.40849279999999,The Hospital for Sick Children (SickKids),43.657498668962646,-79.3865121609307,22687
107,"Willowdale, Newtonbrook",43.789053,-79.40849279999999,St. Joseph's Health Centre,43.64026397700647,-79.45082806054978,27729
108,"Willowdale, Newtonbrook",43.789053,-79.40849279999999,Mount Sinai Hospital,43.657701,-79.389711,22846
109,"Willowdale, Newtonbrook",43.789053,-79.40849279999999,Providence HealthCare,43.71242876097498,-79.28443684050733,12749
110,"Willowdale, Willowdale East",43.7701199,-79.40849279999999,Humber River Hospital,43.7243374469061,-79.48806648987852,25329
111,"Willowdale, Willowdale East",43.7701199,-79.40849279999999,The Hospital for Sick Children (SickKids),43.657498668962646,-79.3865121609307,22687
112,"Willowdale, Willowdale East",43.7701199,-79.40849279999999,St. Joseph's Health Centre,43.64026397700647,-79.45082806054978,27729
113,"Willowdale, Willowdale East",43.7701199,-79.40849279999999,Mount Sinai Hospital,43.657701,-79.389711,22846
114,"Willowdale, Willowdale East",43.7701199,-79.40849279999999,Providence HealthCare,43.71242876097498,-79.28443684050733,12749
115,York Mills West,43.752758299999996,-79.4000493,Humber River Hospital,43.7243374469061,-79.48806648987852,25329
116,York Mills West,43.752758299999996,-79.4000493,The Hospital for Sick Children (SickKids),43.657498668962646,-79.3865121609307,22687
117,York Mills West,43.752758299999996,-79.4000493,St. Joseph's Health Centre,43.64026397700647,-79.45082806054978,27729
118,York Mills West,43.752758299999996,-79.4000493,Mount Sinai Hospital,43.657701,-79.389711,22846
119,York Mills West,43.752758299999996,-79.4000493,Providence HealthCare,43.71242876097498,-79.28443684050733,12749
120,"Willowdale, Willowdale West",43.7827364,-79.4422593,Humber River Hospital,43.7243374469061,-79.48806648987852,25329
121,"Willowdale, Willowdale West",43.7827364,-79.4422593,The Hospital for Sick Children (SickKids),43.657498668962646,-79.3865121609307,22687
122,"Willowdale, Willowdale West",43.7827364,-79.4422593,St. Joseph's Health Centre,43.64026397700647,-79.45082806054978,27729
123,"Willowdale, Willowdale West",43.7827364,-79.4422593,Mount Sinai Hospital,43.657701,-79.389711,22846
124,"Willowdale, Willowdale West",43.7827364,-79.4422593,Providence HealthCare,43.71242876097498,-79.28443684050733,12749
125,Parkwoods,43.7532586,-79.3296565,Humber River Hospital,43.7243374469061,-79.48806648987852,25329
126,Parkwoods,43.7532586,-79.3296565,The Hospital for Sick Children (SickKids),43.657498668962646,-79.3865121609307,22687
127,Parkwoods,43.7532586,-79.3296565,St. Joseph's Health Centre,43.64026397700647,-79.45082806054978,27729
128,Parkwoods,43.7532586,-79.3296565,Mount Sinai Hospital,43.657701,-79.389711,22846
129,Parkwoods,43.7532586,-79.3296565,Providence HealthCare,43.71242876097498,-79.28443684050733,12749
130,Don Mills,43.745905799999996,-79.352188,Humber River Hospital,43.7243374469061,-79.48806648987852,25329
131,Don Mills,43.745905799999996,-79.352188,The Hospital for Sick Children (SickKids),43.657498668962646,-79.3865121609307,22687
132,Don Mills,43.745905799999996,-79.352188,St. Joseph's Health Centre,43.64026397700647,-79.45082806054978,27729
133,Don Mills,43.745905799999996,-79.352188,Mount Sinai Hospital,43.657701,-79.389711,22846
134,Don Mills,43.745905799999996,-79.352188,Providence HealthCare,43.71242876097498,-79.28443684050733,12749
135,Don Mills,43.72589970000001,-79.340923,Humber River Hospital,43.7243374469061,-79.48806648987852,25329
136,Don Mills,43.72589970000001,-79.340923,The Hospital for Sick Children (SickKids),43.657498668962646,-79.3865121609307,22687
137,Don Mills,43.72589970000001,-79.340923,St. Joseph's Health Centre,43.64026397700647,-79.45082806054978,27729
138,Don Mills,43.72589970000001,-79.340923,Mount Sinai Hospital,43.657701,-79.389711,22846
139,Don Mills,43.72589970000001,-79.340923,Providence HealthCare,43.71242876097498,-79.28443684050733,12749
140,"Bathurst Manor, Wilson Heights, Downsview North",43.7543283,-79.4422593,Humber River Hospital,43.7243374469061,-79.48806648987852,25329
141,"Bathurst Manor, Wilson Heights, Downsview North",43.7543283,-79.4422593,The Hospital for Sick Children (SickKids),43.657498668962646,-79.3865121609307,22687
142,"Bathurst Manor, Wilson Heights, Downsview North",43.7543283,-79.4422593,St. Joseph's Health Centre,43.64026397700647,-79.45082806054978,27729
143,"Bathurst Manor, Wilson Heights, Downsview North",43.7543283,-79.4422593,Mount Sinai Hospital,43.657701,-79.389711,22846
144,"Bathurst Manor, Wilson Heights, Downsview North",43.7543283,-79.4422593,Providence HealthCare,43.71242876097498,-79.28443684050733,12749
145,"Northwood Park, York University",43.7679803,-79.48726190000001,Humber River Hospital,43.7243374469061,-79.48806648987852,25329
146,"Northwood Park, York University",43.7679803,-79.48726190000001,The Hospital for Sick Children (SickKids),43.657498668962646,-79.3865121609307,22687
147,"Northwood Park, York University",43.7679803,-79.48726190000001,St. Joseph's Health Centre,43.64026397700647,-79.45082806054978,27729
148,"Northwood Park, York University",43.7679803,-79.48726190000001,Mount Sinai Hospital,43.657701,-79.389711,22846
149,"Northwood Park, York University",43.7679803,-79.48726190000001,Providence HealthCare,43.71242876097498,-79.28443684050733,12749
150,Downsview,43.737473200000004,-79.46476329999999,Humber River Hospital,43.7243374469061,-79.48806648987852,25329
151,Downsview,43.737473200000004,-79.46476329999999,The Hospital for Sick Children (SickKids),43.657498668962646,-79.3865121609307,22687
152,Downsview,43.737473200000004,-79.46476329999999,St. Joseph's Health Centre,43.64026397700647,-79.45082806054978,27729
153,Downsview,43.737473200000004,-79.46476329999999,Mount Sinai Hospital,43.657701,-79.389711,22846
154,Downsview,43.737473200000004,-79.46476329999999,Providence HealthCare,43.71242876097498,-79.28443684050733,12749
155,Downsview,43.7390146,-79.5069436,Humber River Hospital,43.7243374469061,-79.48806648987852,25329
156,Downsview,43.7390146,-79.5069436,The Hospital for Sick Children (SickKids),43.657498668962646,-79.3865121609307,22687
157,Downsview,43.7390146,-79.5069436,St. Joseph's Health Centre,43.64026397700647,-79.45082806054978,27729
158,Downsview,43.7390146,-79.5069436,Mount Sinai Hospital,43.657701,-79.389711,22846
159,Downsview,43.7390146,-79.5069436,Providence HealthCare,43.71242876097498,-79.28443684050733,12749
160,Downsview,43.7284964,-79.49569740000001,Humber River Hospital,43.7243374469061,-79.48806648987852,25329
161,Downsview,43.7284964,-79.49569740000001,The Hospital for Sick Children (SickKids),43.657498668962646,-79.3865121609307,22687
162,Downsview,43.7284964,-79.49569740000001,St. Joseph's Health Centre,43.64026397700647,-79.45082806054978,27729
163,Downsview,43.7284964,-79.49569740000001,Mount Sinai Hospital,43.657701,-79.389711,22846
164,Downsview,43.7284964,-79.49569740000001,Providence HealthCare,43.71242876097498,-79.28443684050733,12749
165,Downsview,43.7616313,-79.52099940000001,Humber River Hospital,43.7243374469061,-79.48806648987852,25329
166,Downsview,43.7616313,-79.52099940000001,The Hospital for Sick Children (SickKids),43.657498668962646,-79.3865121609307,22687
167,Downsview,43.7616313,-79.52099940000001,St. Joseph's Health Centre,43.64026397700647,-79.45082806054978,27729
168,Downsview,43.7616313,-79.52099940000001,Mount Sinai Hospital,43.657701,-79.389711,22846
169,Downsview,43.7616313,-79.52099940000001,Providence HealthCare,43.71242876097498,-79.28443684050733,12749
170,Victoria Village,43.725882299999995,-79.31557159999998,Humber River Hospital,43.7243374469061,-79.48806648987852,25329
171,Victoria Village,43.725882299999995,-79.31557159999998,The Hospital for Sick Children (SickKids),43.657498668962646,-79.3865121609307,22687
172,Victoria Village,43.725882299999995,-79.31557159999998,St. Joseph's Health Centre,43.64026397700647,-79.45082806054978,27729
173,Victoria Village,43.725882299999995,-79.31557159999998,Mount Sinai Hospital,43.657701,-79.389711,22846
174,Victoria Village,43.725882299999995,-79.31557159999998,Providence HealthCare,43.71242876097498,-79.28443684050733,12749
175,"Parkview Hill, Woodbine Gardens",43.7063972,-79.309937,Humber River Hospital,43.7243374469061,-79.48806648987852,25329
176,"Parkview Hill, Woodbine Gardens",43.7063972,-79.309937,The Hospital for Sick Children (SickKids),43.657498668962646,-79.3865121609307,22687
177,"Parkview Hill, Woodbine Gardens",43.7063972,-79.309937,St. Joseph's Health Centre,43.64026397700647,-79.45082806054978,27729
178,"Parkview Hill, Woodbine Gardens",43.7063972,-79.309937,Mount Sinai Hospital,43.657701,-79.389711,22846
179,"Parkview Hill, Woodbine Gardens",43.7063972,-79.309937,Providence HealthCare,43.71242876097498,-79.28443684050733,12749
180,Woodbine Heights,43.695343900000005,-79.3183887,Humber River Hospital,43.7243374469061,-79.48806648987852,25329
181,Woodbine Heights,43.695343900000005,-79.3183887,The Hospital for Sick Children (SickKids),43.657498668962646,-79.3865121609307,22687
182,Woodbine Heights,43.695343900000005,-79.3183887,St. Joseph's Health Centre,43.64026397700647,-79.45082806054978,27729
183,Woodbine Heights,43.695343900000005,-79.3183887,Mount Sinai Hospital,43.657701,-79.389711,22846
184,Woodbine Heights,43.695343900000005,-79.3183887,Providence HealthCare,43.71242876097498,-79.28443684050733,12749
185,The Beaches,43.67635739999999,-79.2930312,Humber River Hospital,43.7243374469061,-79.48806648987852,25329
186,The Beaches,43.67635739999999,-79.2930312,The Hospital for Sick Children (SickKids),43.657498668962646,-79.3865121609307,22687
187,The Beaches,43.67635739999999,-79.2930312,St. Joseph's Health Centre,43.64026397700647,-79.45082806054978,27729
188,The Beaches,43.67635739999999,-79.2930312,Mount Sinai Hospital,43.657701,-79.389711,22846
189,The Beaches,43.67635739999999,-79.2930312,Providence HealthCare,43.71242876097498,-79.28443684050733,12749
190,Leaside,43.7090604,-79.3634517,Humber River Hospital,43.7243374469061,-79.48806648987852,25329
191,Leaside,43.7090604,-79.3634517,The Hospital for Sick Children (SickKids),43.657498668962646,-79.3865121609307,22687
192,Leaside,43.7090604,-79.3634517,St. Joseph's Health Centre,43.64026397700647,-79.45082806054978,27729
193,Leaside,43.7090604,-79.3634517,Mount Sinai Hospital,43.657701,-79.389711,22846
194,Leaside,43.7090604,-79.3634517,Providence HealthCare,43.71242876097498,-79.28443684050733,12749
195,Thorncliffe Park,43.7053689,-79.34937190000001,Humber River Hospital,43.7243374469061,-79.48806648987852,25329
196,Thorncliffe Park,43.7053689,-79.34937190000001,The Hospital for Sick Children (SickKids),43.657498668962646,-79.3865121609307,22687
197,Thorncliffe Park,43.7053689,-79.34937190000001,St. Joseph's Health Centre,43.64026397700647,-79.45082806054978,27729
198,Thorncliffe Park,43.7053689,-79.34937190000001,Mount Sinai Hospital,43.657701,-79.389711,22846
199,Thorncliffe Park,43.7053689,-79.34937190000001,Providence HealthCare,43.71242876097498,-79.28443684050733,12749
200,"East Toronto, Broadview North (Old East York)",43.685347,-79.3381065,Humber River Hospital,43.7243374469061,-79.48806648987852,25329
201,"East Toronto, Broadview North (Old East York)",43.685347,-79.3381065,The Hospital for Sick Children (SickKids),43.657498668962646,-79.3865121609307,22687
202,"East Toronto, Broadview North (Old East York)",43.685347,-79.3381065,St. Joseph's Health Centre,43.64026397700647,-79.45082806054978,27729
203,"East Toronto, Broadview North (Old East York)",43.685347,-79.3381065,Mount Sinai Hospital,43.657701,-79.389711,22846
204,"East Toronto, Broadview North (Old East York)",43.685347,-79.3381065,Providence HealthCare,43.71242876097498,-79.28443684050733,12749
205,"The Danforth West, Riverdale",43.6795571,-79.352188,Humber River Hospital,43.7243374469061,-79.48806648987852,25329
206,"The Danforth West, Riverdale",43.6795571,-79.352188,The Hospital for Sick Children (SickKids),43.657498668962646,-79.3865121609307,22687
207,"The Danforth West, Riverdale",43.6795571,-79.352188,St. Joseph's Health Centre,43.64026397700647,-79.45082806054978,27729
208,"The Danforth West, Riverdale",43.6795571,-79.352188,Mount Sinai Hospital,43.657701,-79.389711,22846
209,"The Danforth West, Riverdale",43.6795571,-79.352188,Providence HealthCare,43.71242876097498,-79.28443684050733,12749
210,"India Bazaar, The Beaches West",43.6689985,-79.31557159999998,Humber River Hospital,43.7243374469061,-79.48806648987852,25329
211,"India Bazaar, The Beaches West",43.6689985,-79.31557159999998,The Hospital for Sick Children (SickKids),43.657498668962646,-79.3865121609307,22687
212,"India Bazaar, The Beaches West",43.6689985,-79.31557159999998,St. Joseph's Health Centre,43.64026397700647,-79.45082806054978,27729
213,"India Bazaar, The Beaches West",43.6689985,-79.31557159999998,Mount Sinai Hospital,43.657701,-79.389711,22846
214,"India Bazaar, The Beaches West",43.6689985,-79.31557159999998,Providence HealthCare,43.71242876097498,-79.28443684050733,12749
215,Studio District,43.6595255,-79.340923,Humber River Hospital,43.7243374469061,-79.48806648987852,25329
216,Studio District,43.6595255,-79.340923,The Hospital for Sick Children (SickKids),43.657498668962646,-79.3865121609307,22687
217,Studio District,43.6595255,-79.340923,St. Joseph's Health Centre,43.64026397700647,-79.45082806054978,27729
218,Studio District,43.6595255,-79.340923,Mount Sinai Hospital,43.657701,-79.389711,22846
219,Studio District,43.6595255,-79.340923,Providence HealthCare,43.71242876097498,-79.28443684050733,12749
220,Lawrence Park,43.7280205,-79.3887901,Humber River Hospital,43.7243374469061,-79.48806648987852,25329
221,Lawrence Park,43.7280205,-79.3887901,The Hospital for Sick Children (SickKids),43.657498668962646,-79.3865121609307,22687
222,Lawrence Park,43.7280205,-79.3887901,St. Joseph's Health Centre,43.64026397700647,-79.45082806054978,27729
223,Lawrence Park,43.7280205,-79.3887901,Mount Sinai Hospital,43.657701,-79.389711,22846
224,Lawrence Park,43.7280205,-79.3887901,Providence HealthCare,43.71242876097498,-79.28443684050733,12749
225,Davisville North,43.7127511,-79.3901975,Humber River Hospital,43.7243374469061,-79.48806648987852,25329
226,Davisville North,43.7127511,-79.3901975,The Hospital for Sick Children (SickKids),43.657498668962646,-79.3865121609307,22687
227,Davisville North,43.7127511,-79.3901975,St. Joseph's Health Centre,43.64026397700647,-79.45082806054978,27729
228,Davisville North,43.7127511,-79.3901975,Mount Sinai Hospital,43.657701,-79.389711,22846
229,Davisville North,43.7127511,-79.3901975,Providence HealthCare,43.71242876097498,-79.28443684050733,12749
230,"North Toronto West, Lawrence Park",43.7153834,-79.40567840000001,Humber River Hospital,43.7243374469061,-79.48806648987852,25329
231,"North Toronto West, Lawrence Park",43.7153834,-79.40567840000001,The Hospital for Sick Children (SickKids),43.657498668962646,-79.3865121609307,22687
232,"North Toronto West, Lawrence Park",43.7153834,-79.40567840000001,St. Joseph's Health Centre,43.64026397700647,-79.45082806054978,27729
233,"North Toronto West, Lawrence Park",43.7153834,-79.40567840000001,Mount Sinai Hospital,43.657701,-79.389711,22846
234,"North Toronto West, Lawrence Park",43.7153834,-79.40567840000001,Providence HealthCare,43.71242876097498,-79.28443684050733,12749
235,Davisville,43.7043244,-79.3887901,Humber River Hospital,43.7243374469061,-79.48806648987852,25329
236,Davisville,43.7043244,-79.3887901,The Hospital for Sick Children (SickKids),43.657498668962646,-79.3865121609307,22687
237,Davisville,43.7043244,-79.3887901,St. Joseph's Health Centre,43.64026397700647,-79.45082806054978,27729
238,Davisville,43.7043244,-79.3887901,Mount Sinai Hospital,43.657701,-79.389711,22846
239,Davisville,43.7043244,-79.3887901,Providence HealthCare,43.71242876097498,-79.28443684050733,12749
240,"Moore Park, Summerhill East",43.6895743,-79.38315990000001,Humber River Hospital,43.7243374469061,-79.48806648987852,25329
241,"Moore Park, Summerhill East",43.6895743,-79.38315990000001,The Hospital for Sick Children (SickKids),43.657498668962646,-79.3865121609307,22687
242,"Moore Park, Summerhill East",43.6895743,-79.38315990000001,St. Joseph's Health Centre,43.64026397700647,-79.45082806054978,27729
243,"Moore Park, Summerhill East",43.6895743,-79.38315990000001,Mount Sinai Hospital,43.657701,-79.389711,22846
244,"Moore Park, Summerhill East",43.6895743,-79.38315990000001,Providence HealthCare,43.71242876097498,-79.28443684050733,12749
245,"Summerhill West, Rathnelly, South Hill, Forest Hill SE, Deer Park",43.68641229999999,-79.4000493,Humber River Hospital,43.7243374469061,-79.48806648987852,25329
246,"Summerhill West, Rathnelly, South Hill, Forest Hill SE, Deer Park",43.68641229999999,-79.4000493,The Hospital for Sick Children (SickKids),43.657498668962646,-79.3865121609307,22687
247,"Summerhill West, Rathnelly, South Hill, Forest Hill SE, Deer Park",43.68641229999999,-79.4000493,St. Joseph's Health Centre,43.64026397700647,-79.45082806054978,27729
248,"Summerhill West, Rathnelly, South Hill, Forest Hill SE, Deer Park",43.68641229999999,-79.4000493,Mount Sinai Hospital,43.657701,-79.389711,22846
249,"Summerhill West, Rathnelly, South Hill, Forest Hill SE, Deer Park",43.68641229999999,-79.4000493,Providence HealthCare,43.71242876097498,-79.28443684050733,12749
250,Rosedale,43.6795626,-79.37752940000001,Humber River Hospital,43.7243374469061,-79.48806648987852,25329
251,Rosedale,43.6795626,-79.37752940000001,The Hospital for Sick Children (SickKids),43.657498668962646,-79.3865121609307,22687
252,Rosedale,43.6795626,-79.37752940000001,St. Joseph's Health Centre,43.64026397700647,-79.45082806054978,27729
253,Rosedale,43.6795626,-79.37752940000001,Mount Sinai Hospital,43.657701,-79.389711,22846
254,Rosedale,43.6795626,-79.37752940000001,Providence HealthCare,43.71242876097498,-79.28443684050733,12749
255,"St. James Town, Cabbagetown",43.667967,-79.3676753,Humber River Hospital,43.7243374469061,-79.48806648987852,25329
256,"St. James Town, Cabbagetown",43.667967,-79.3676753,The Hospital for Sick Children (SickKids),43.657498668962646,-79.3865121609307,22687
257,"St. James Town, Cabbagetown",43.667967,-79.3676753,St. Joseph's Health Centre,43.64026397700647,-79.45082806054978,27729
258,"St. James Town, Cabbagetown",43.667967,-79.3676753,Mount Sinai Hospital,43.657701,-79.389711,22846
259,"St. James Town, Cabbagetown",43.667967,-79.3676753,Providence HealthCare,43.71242876097498,-79.28443684050733,12749
260,Church and Wellesley,43.6658599,-79.38315990000001,Humber River Hospital,43.7243374469061,-79.48806648987852,25329
261,Church and Wellesley,43.6658599,-79.38315990000001,The Hospital for Sick Children (SickKids),43.657498668962646,-79.3865121609307,22687
262,Church and Wellesley,43.6658599,-79.38315990000001,St. Joseph's Health Centre,43.64026397700647,-79.45082806054978,27729
263,Church and Wellesley,43.6658599,-79.38315990000001,Mount Sinai Hospital,43.657701,-79.389711,22846
264,Church and Wellesley,43.6658599,-79.38315990000001,Providence HealthCare,43.71242876097498,-79.28443684050733,12749
265,"Regent Park, Harbourfront",43.6542599,-79.3606359,Humber River Hospital,43.7243374469061,-79.48806648987852,25329
266,"Regent Park, Harbourfront",43.6542599,-79.3606359,The Hospital for Sick Children (SickKids),43.657498668962646,-79.3865121609307,22687
267,"Regent Park, Harbourfront",43.6542599,-79.3606359,St. Joseph's Health Centre,43.64026397700647,-79.45082806054978,27729
268,"Regent Park, Harbourfront",43.6542599,-79.3606359,Mount Sinai Hospital,43.657701,-79.389711,22846
269,"Regent Park, Harbourfront",43.6542599,-79.3606359,Providence HealthCare,43.71242876097498,-79.28443684050733,12749
270,"Garden District, Ryerson",43.6571618,-79.37893709999999,Humber River Hospital,43.7243374469061,-79.48806648987852,25329
271,"Garden District, Ryerson",43.6571618,-79.37893709999999,The Hospital for Sick Children (SickKids),43.657498668962646,-79.3865121609307,22687
272,"Garden District, Ryerson",43.6571618,-79.37893709999999,St. Joseph's Health Centre,43.64026397700647,-79.45082806054978,27729
273,"Garden District, Ryerson",43.6571618,-79.37893709999999,Mount Sinai Hospital,43.657701,-79.389711,22846
274,"Garden District, Ryerson",43.6571618,-79.37893709999999,Providence HealthCare,43.71242876097498,-79.28443684050733,12749
275,St. James Town,43.6514939,-79.3754179,Humber River Hospital,43.7243374469061,-79.48806648987852,25329
276,St. James Town,43.6514939,-79.3754179,The Hospital for Sick Children (SickKids),43.657498668962646,-79.3865121609307,22687
277,St. James Town,43.6514939,-79.3754179,St. Joseph's Health Centre,43.64026397700647,-79.45082806054978,27729
278,St. James Town,43.6514939,-79.3754179,Mount Sinai Hospital,43.657701,-79.389711,22846
279,St. James Town,43.6514939,-79.3754179,Providence HealthCare,43.71242876097498,-79.28443684050733,12749
280,Berczy Park,43.644770799999996,-79.3733064,Humber River Hospital,43.7243374469061,-79.48806648987852,25329
281,Berczy Park,43.644770799999996,-79.3733064,The Hospital for Sick Children (SickKids),43.657498668962646,-79.3865121609307,22687
282,Berczy Park,43.644770799999996,-79.3733064,St. Joseph's Health Centre,43.64026397700647,-79.45082806054978,27729
283,Berczy Park,43.644770799999996,-79.3733064,Mount Sinai Hospital,43.657701,-79.389711,22846
284,Berczy Park,43.644770799999996,-79.3733064,Providence HealthCare,43.71242876097498,-79.28443684050733,12749
285,Central Bay Street,43.6579524,-79.3873826,Humber River Hospital,43.7243374469061,-79.48806648987852,25329
286,Central Bay Street,43.6579524,-79.3873826,The Hospital for Sick Children (SickKids),43.657498668962646,-79.3865121609307,22687
287,Central Bay Street,43.6579524,-79.3873826,St. Joseph's Health Centre,43.64026397700647,-79.45082806054978,27729
288,Central Bay Street,43.6579524,-79.3873826,Mount Sinai Hospital,43.657701,-79.389711,22846
289,Central Bay Street,43.6579524,-79.3873826,Providence HealthCare,43.71242876097498,-79.28443684050733,12749
290,"Richmond, Adelaide, King",43.65057120000001,-79.3845675,Humber River Hospital,43.7243374469061,-79.48806648987852,25329
291,"Richmond, Adelaide, King",43.65057120000001,-79.3845675,The Hospital for Sick Children (SickKids),43.657498668962646,-79.3865121609307,22687
292,"Richmond, Adelaide, King",43.65057120000001,-79.3845675,St. Joseph's Health Centre,43.64026397700647,-79.45082806054978,27729
293,"Richmond, Adelaide, King",43.65057120000001,-79.3845675,Mount Sinai Hospital,43.657701,-79.389711,22846
294,"Richmond, Adelaide, King",43.65057120000001,-79.3845675,Providence HealthCare,43.71242876097498,-79.28443684050733,12749
295,"Harbourfront East, Union Station, Toronto Islands",43.6408157,-79.38175229999999,Humber River Hospital,43.7243374469061,-79.48806648987852,25329
296,"Harbourfront East, Union Station, Toronto Islands",43.6408157,-79.38175229999999,The Hospital for Sick Children (SickKids),43.657498668962646,-79.3865121609307,22687
297,"Harbourfront East, Union Station, Toronto Islands",43.6408157,-79.38175229999999,St. Joseph's Health Centre,43.64026397700647,-79.45082806054978,27729
298,"Harbourfront East, Union Station, Toronto Islands",43.6408157,-79.38175229999999,Mount Sinai Hospital,43.657701,-79.389711,22846
299,"Harbourfront East, Union Station, Toronto Islands",43.6408157,-79.38175229999999,Providence HealthCare,43.71242876097498,-79.28443684050733,12749
300,"Toronto Dominion Centre, Design Exchange",43.6471768,-79.38157640000001,Humber River Hospital,43.7243374469061,-79.48806648987852,25329
301,"Toronto Dominion Centre, Design Exchange",43.6471768,-79.38157640000001,The Hospital for Sick Children (SickKids),43.657498668962646,-79.3865121609307,22687
302,"Toronto Dominion Centre, Design Exchange",43.6471768,-79.38157640000001,St. Joseph's Health Centre,43.64026397700647,-79.45082806054978,27729
303,"Toronto Dominion Centre, Design Exchange",43.6471768,-79.38157640000001,Mount Sinai Hospital,43.657701,-79.389711,22846
304,"Toronto Dominion Centre, Design Exchange",43.6471768,-79.38157640000001,Providence HealthCare,43.71242876097498,-79.28443684050733,12749
305,"Commerce Court, Victoria Hotel",43.6481985,-79.37981690000001,Humber River Hospital,43.7243374469061,-79.48806648987852,25329
306,"Commerce Court, Victoria Hotel",43.6481985,-79.37981690000001,The Hospital for Sick Children (SickKids),43.657498668962646,-79.3865121609307,22687
307,"Commerce Court, Victoria Hotel",43.6481985,-79.37981690000001,St. Joseph's Health Centre,43.64026397700647,-79.45082806054978,27729
308,"Commerce Court, Victoria Hotel",43.6481985,-79.37981690000001,Mount Sinai Hospital,43.657701,-79.389711,22846
309,"Commerce Court, Victoria Hotel",43.6481985,-79.37981690000001,Providence HealthCare,43.71242876097498,-79.28443684050733,12749
310,"Bedford Park, Lawrence Manor East",43.7332825,-79.4197497,Humber River Hospital,43.7243374469061,-79.48806648987852,25329
311,"Bedford Park, Lawrence Manor East",43.7332825,-79.4197497,The Hospital for Sick Children (SickKids),43.657498668962646,-79.3865121609307,22687
312,"Bedford Park, Lawrence Manor East",43.7332825,-79.4197497,St. Joseph's Health Centre,43.64026397700647,-79.45082806054978,27729
313,"Bedford Park, Lawrence Manor East",43.7332825,-79.4197497,Mount Sinai Hospital,43.657701,-79.389711,22846
314,"Bedford Park, Lawrence Manor East",43.7332825,-79.4197497,Providence HealthCare,43.71242876097498,-79.28443684050733,12749
315,Roselawn,43.7116948,-79.41693559999999,Humber River Hospital,43.7243374469061,-79.48806648987852,25329
316,Roselawn,43.7116948,-79.41693559999999,The Hospital for Sick Children (SickKids),43.657498668962646,-79.3865121609307,22687
317,Roselawn,43.7116948,-79.41693559999999,St. Joseph's Health Centre,43.64026397700647,-79.45082806054978,27729
318,Roselawn,43.7116948,-79.41693559999999,Mount Sinai Hospital,43.657701,-79.389711,22846
319,Roselawn,43.7116948,-79.41693559999999,Providence HealthCare,43.71242876097498,-79.28443684050733,12749
320,"Forest Hill North & West, Forest Hill Road Park",43.6969476,-79.41130720000001,Humber River Hospital,43.7243374469061,-79.48806648987852,25329
321,"Forest Hill North & West, Forest Hill Road Park",43.6969476,-79.41130720000001,The Hospital for Sick Children (SickKids),43.657498668962646,-79.3865121609307,22687
322,"Forest Hill North & West, Forest Hill Road Park",43.6969476,-79.41130720000001,St. Joseph's Health Centre,43.64026397700647,-79.45082806054978,27729
323,"Forest Hill North & West, Forest Hill Road Park",43.6969476,-79.41130720000001,Mount Sinai Hospital,43.657701,-79.389711,22846
324,"Forest Hill North & West, Forest Hill Road Park",43.6969476,-79.41130720000001,Providence HealthCare,43.71242876097498,-79.28443684050733,12749
325,"The Annex, North Midtown, Yorkville",43.6727097,-79.40567840000001,Humber River Hospital,43.7243374469061,-79.48806648987852,25329
326,"The Annex, North Midtown, Yorkville",43.6727097,-79.40567840000001,The Hospital for Sick Children (SickKids),43.657498668962646,-79.3865121609307,22687
327,"The Annex, North Midtown, Yorkville",43.6727097,-79.40567840000001,St. Joseph's Health Centre,43.64026397700647,-79.45082806054978,27729
328,"The Annex, North Midtown, Yorkville",43.6727097,-79.40567840000001,Mount Sinai Hospital,43.657701,-79.389711,22846
329,"The Annex, North Midtown, Yorkville",43.6727097,-79.40567840000001,Providence HealthCare,43.71242876097498,-79.28443684050733,12749
330,"University of Toronto, Harbord",43.6626956,-79.4000493,Humber River Hospital,43.7243374469061,-79.48806648987852,25329
331,"University of Toronto, Harbord",43.6626956,-79.4000493,The Hospital for Sick Children (SickKids),43.657498668962646,-79.3865121609307,22687
332,"University of Toronto, Harbord",43.6626956,-79.4000493,St. Joseph's Health Centre,43.64026397700647,-79.45082806054978,27729
333,"University of Toronto, Harbord",43.6626956,-79.4000493,Mount Sinai Hospital,43.657701,-79.389711,22846
334,"University of Toronto, Harbord",43.6626956,-79.4000493,Providence HealthCare,43.71242876097498,-79.28443684050733,12749
335,"Kensington Market, Chinatown, Grange Park",43.6532057,-79.4000493,Humber River Hospital,43.7243374469061,-79.48806648987852,25329
336,"Kensington Market, Chinatown, Grange Park",43.6532057,-79.4000493,The Hospital for Sick Children (SickKids),43.657498668962646,-79.3865121609307,22687
337,"Kensington Market, Chinatown, Grange Park",43.6532057,-79.4000493,St. Joseph's Health Centre,43.64026397700647,-79.45082806054978,27729
338,"Kensington Market, Chinatown, Grange Park",43.6532057,-79.4000493,Mount Sinai Hospital,43.657701,-79.389711,22846
339,"Kensington Market, Chinatown, Grange Park",43.6532057,-79.4000493,Providence HealthCare,43.71242876097498,-79.28443684050733,12749
340,"CN Tower, King and Spadina, Railway Lands, Harbourfront West, Bathurst Quay, South Niagara, Island airport",43.6289467,-79.3944199,Humber River Hospital,43.7243374469061,-79.48806648987852,25329
341,"CN Tower, King and Spadina, Railway Lands, Harbourfront West, Bathurst Quay, South Niagara, Island airport",43.6289467,-79.3944199,The Hospital for Sick Children (SickKids),43.657498668962646,-79.3865121609307,22687
342,"CN Tower, King and Spadina, Railway Lands, Harbourfront West, Bathurst Quay, South Niagara, Island airport",43.6289467,-79.3944199,St. Joseph's Health Centre,43.64026397700647,-79.45082806054978,27729
343,"CN Tower, King and Spadina, Railway Lands, Harbourfront West, Bathurst Quay, South Niagara, Island airport",43.6289467,-79.3944199,Mount Sinai Hospital,43.657701,-79.389711,22846
344,"CN Tower, King and Spadina, Railway Lands, Harbourfront West, Bathurst Quay, South Niagara, Island airport",43.6289467,-79.3944199,Providence HealthCare,43.71242876097498,-79.28443684050733,12749
345,Stn A PO Boxes,43.6464352,-79.37484599999999,Humber River Hospital,43.7243374469061,-79.48806648987852,25329
346,Stn A PO Boxes,43.6464352,-79.37484599999999,The Hospital for Sick Children (SickKids),43.657498668962646,-79.3865121609307,22687
347,Stn A PO Boxes,43.6464352,-79.37484599999999,St. Joseph's Health Centre,43.64026397700647,-79.45082806054978,27729
348,Stn A PO Boxes,43.6464352,-79.37484599999999,Mount Sinai Hospital,43.657701,-79.389711,22846
349,Stn A PO Boxes,43.6464352,-79.37484599999999,Providence HealthCare,43.71242876097498,-79.28443684050733,12749
350,"First Canadian Place, Underground city",43.6484292,-79.3822802,Humber River Hospital,43.7243374469061,-79.48806648987852,25329
351,"First Canadian Place, Underground city",43.6484292,-79.3822802,The Hospital for Sick Children (SickKids),43.657498668962646,-79.3865121609307,22687
352,"First Canadian Place, Underground city",43.6484292,-79.3822802,St. Joseph's Health Centre,43.64026397700647,-79.45082806054978,27729
353,"First Canadian Place, Underground city",43.6484292,-79.3822802,Mount Sinai Hospital,43.657701,-79.389711,22846
354,"First Canadian Place, Underground city",43.6484292,-79.3822802,Providence HealthCare,43.71242876097498,-79.28443684050733,12749
355,"Lawrence Manor, Lawrence Heights",43.718517999999996,-79.46476329999999,Humber River Hospital,43.7243374469061,-79.48806648987852,25329
356,"Lawrence Manor, Lawrence Heights",43.718517999999996,-79.46476329999999,The Hospital for Sick Children (SickKids),43.657498668962646,-79.3865121609307,22687
357,"Lawrence Manor, Lawrence Heights",43.718517999999996,-79.46476329999999,St. Joseph's Health Centre,43.64026397700647,-79.45082806054978,27729
358,"Lawrence Manor, Lawrence Heights",43.718517999999996,-79.46476329999999,Mount Sinai Hospital,43.657701,-79.389711,22846
359,"Lawrence Manor, Lawrence Heights",43.718517999999996,-79.46476329999999,Providence HealthCare,43.71242876097498,-79.28443684050733,12749
360,Glencairn,43.709577,-79.44507259999999,Humber River Hospital,43.7243374469061,-79.48806648987852,25329
361,Glencairn,43.709577,-79.44507259999999,The Hospital for Sick Children (SickKids),43.657498668962646,-79.3865121609307,22687
362,Glencairn,43.709577,-79.44507259999999,St. Joseph's Health Centre,43.64026397700647,-79.45082806054978,27729
363,Glencairn,43.709577,-79.44507259999999,Mount Sinai Hospital,43.657701,-79.389711,22846
364,Glencairn,43.709577,-79.44507259999999,Providence HealthCare,43.71242876097498,-79.28443684050733,12749
365,Humewood-Cedarvale,43.6937813,-79.42819140000002,Humber River Hospital,43.7243374469061,-79.48806648987852,25329
366,Humewood-Cedarvale,43.6937813,-79.42819140000002,The Hospital for Sick Children (SickKids),43.657498668962646,-79.3865121609307,22687
367,Humewood-Cedarvale,43.6937813,-79.42819140000002,St. Joseph's Health Centre,43.64026397700647,-79.45082806054978,27729
368,Humewood-Cedarvale,43.6937813,-79.42819140000002,Mount Sinai Hospital,43.657701,-79.389711,22846
369,Humewood-Cedarvale,43.6937813,-79.42819140000002,Providence HealthCare,43.71242876097498,-79.28443684050733,12749
370,Caledonia-Fairbanks,43.6890256,-79.453512,Humber River Hospital,43.7243374469061,-79.48806648987852,25329
371,Caledonia-Fairbanks,43.6890256,-79.453512,The Hospital for Sick Children (SickKids),43.657498668962646,-79.3865121609307,22687
372,Caledonia-Fairbanks,43.6890256,-79.453512,St. Joseph's Health Centre,43.64026397700647,-79.45082806054978,27729
373,Caledonia-Fairbanks,43.6890256,-79.453512,Mount Sinai Hospital,43.657701,-79.389711,22846
374,Caledonia-Fairbanks,43.6890256,-79.453512,Providence HealthCare,43.71242876097498,-79.28443684050733,12749
375,Christie,43.669542,-79.4225637,Humber River Hospital,43.7243374469061,-79.48806648987852,25329
376,Christie,43.669542,-79.4225637,The Hospital for Sick Children (SickKids),43.657498668962646,-79.3865121609307,22687
377,Christie,43.669542,-79.4225637,St. Joseph's Health Centre,43.64026397700647,-79.45082806054978,27729
378,Christie,43.669542,-79.4225637,Mount Sinai Hospital,43.657701,-79.389711,22846
379,Christie,43.669542,-79.4225637,Providence HealthCare,43.71242876097498,-79.28443684050733,12749
380,"Dufferin, Dovercourt Village",43.66900510000001,-79.4422593,Humber River Hospital,43.7243374469061,-79.48806648987852,25329
381,"Dufferin, Dovercourt Village",43.66900510000001,-79.4422593,The Hospital for Sick Children (SickKids),43.657498668962646,-79.3865121609307,22687
382,"Dufferin, Dovercourt Village",43.66900510000001,-79.4422593,St. Joseph's Health Centre,43.64026397700647,-79.45082806054978,27729
383,"Dufferin, Dovercourt Village",43.66900510000001,-79.4422593,Mount Sinai Hospital,43.657701,-79.389711,22846
384,"Dufferin, Dovercourt Village",43.66900510000001,-79.4422593,Providence HealthCare,43.71242876097498,-79.28443684050733,12749
385,"Little Portugal, Trinity",43.647926700000006,-79.4197497,Humber River Hospital,43.7243374469061,-79.48806648987852,25329
386,"Little Portugal, Trinity",43.647926700000006,-79.4197497,The Hospital for Sick Children (SickKids),43.657498668962646,-79.3865121609307,22687
387,"Little Portugal, Trinity",43.647926700000006,-79.4197497,St. Joseph's Health Centre,43.64026397700647,-79.45082806054978,27729
388,"Little Portugal, Trinity",43.647926700000006,-79.4197497,Mount Sinai Hospital,43.657701,-79.389711,22846
389,"Little Portugal, Trinity",43.647926700000006,-79.4197497,Providence HealthCare,43.71242876097498,-79.28443684050733,12749
390,"Brockton, Parkdale Village, Exhibition Place",43.6368472,-79.42819140000002,Humber River Hospital,43.7243374469061,-79.48806648987852,25329
391,"Brockton, Parkdale Village, Exhibition Place",43.6368472,-79.42819140000002,The Hospital for Sick Children (SickKids),43.657498668962646,-79.3865121609307,22687
392,"Brockton, Parkdale Village, Exhibition Place",43.6368472,-79.42819140000002,St. Joseph's Health Centre,43.64026397700647,-79.45082806054978,27729
393,"Brockton, Parkdale Village, Exhibition Place",43.6368472,-79.42819140000002,Mount Sinai Hospital,43.657701,-79.389711,22846
394,"Brockton, Parkdale Village, Exhibition Place",43.6368472,-79.42819140000002,Providence HealthCare,43.71242876097498,-79.28443684050733,12749
395,"North Park, Maple Leaf Park, Upwood Park",43.713756200000006,-79.4900738,Humber River Hospital,43.7243374469061,-79.48806648987852,25329
396,"North Park, Maple Leaf Park, Upwood Park",43.713756200000006,-79.4900738,The Hospital for Sick Children (SickKids),43.657498668962646,-79.3865121609307,22687
397,"North Park, Maple Leaf Park, Upwood Park",43.713756200000006,-79.4900738,St. Joseph's Health Centre,43.64026397700647,-79.45082806054978,27729
398,"North Park, Maple Leaf Park, Upwood Park",43.713756200000006,-79.4900738,Mount Sinai Hospital,43.657701,-79.389711,22846
399,"North Park, Maple Leaf Park, Upwood Park",43.713756200000006,-79.4900738,Providence HealthCare,43.71242876097498,-79.28443684050733,12749
400,"Del Ray, Mount Dennis, Keelsdale and Silverthorn",43.6911158,-79.47601329999999,Humber River Hospital,43.7243374469061,-79.48806648987852,25329
401,"Del Ray, Mount Dennis, Keelsdale and Silverthorn",43.6911158,-79.47601329999999,The Hospital for Sick Children (SickKids),43.657498668962646,-79.3865121609307,22687
402,"Del Ray, Mount Dennis, Keelsdale and Silverthorn",43.6911158,-79.47601329999999,St. Joseph's Health Centre,43.64026397700647,-79.45082806054978,27729
403,"Del Ray, Mount Dennis, Keelsdale and Silverthorn",43.6911158,-79.47601329999999,Mount Sinai Hospital,43.657701,-79.389711,22846
404,"Del Ray, Mount Dennis, Keelsdale and Silverthorn",43.6911158,-79.47601329999999,Providence HealthCare,43.71242876097498,-79.28443684050733,12749
405,"Runnymede, The Junction North",43.67318529999999,-79.48726190000001,Humber River Hospital,43.7243374469061,-79.48806648987852,25329
406,"Runnymede, The Junction North",43.67318529999999,-79.48726190000001,The Hospital for Sick Children (SickKids),43.657498668962646,-79.3865121609307,22687
407,"Runnymede, The Junction North",43.67318529999999,-79.48726190000001,St. Joseph's Health Centre,43.64026397700647,-79.45082806054978,27729
408,"Runnymede, The Junction North",43.67318529999999,-79.48726190000001,Mount Sinai Hospital,43.657701,-79.389711,22846
409,"Runnymede, The Junction North",43.67318529999999,-79.48726190000001,Providence HealthCare,43.71242876097498,-79.28443684050733,12749
410,"High Park, The Junction South",43.6616083,-79.46476329999999,Humber River Hospital,43.7243374469061,-79.48806648987852,25329
411,"High Park, The Junction South",43.6616083,-79.46476329999999,The Hospital for Sick Children (SickKids),43.657498668962646,-79.3865121609307,22687
412,"High Park, The Junction South",43.6616083,-79.46476329999999,St. Joseph's Health Centre,43.64026397700647,-79.45082806054978,27729
413,"High Park, The Junction South",43.6616083,-79.46476329999999,Mount Sinai Hospital,43.657701,-79.389711,22846
414,"High Park, The Junction South",43.6616083,-79.46476329999999,Providence HealthCare,43.71242876097498,-79.28443684050733,12749
415,"Parkdale, Roncesvalles",43.6489597,-79.456325,Humber River Hospital,43.7243374469061,-79.48806648987852,25329
416,"Parkdale, Roncesvalles",43.6489597,-79.456325,The Hospital for Sick Children (SickKids),43.657498668962646,-79.3865121609307,22687
417,"Parkdale, Roncesvalles",43.6489597,-79.456325,St. Joseph's Health Centre,43.64026397700647,-79.45082806054978,27729
418,"Parkdale, Roncesvalles",43.6489597,-79.456325,Mount Sinai Hospital,43.657701,-79.389711,22846
419,"Parkdale, Roncesvalles",43.6489597,-79.456325,Providence HealthCare,43.71242876097498,-79.28443684050733,12749
420,"Runnymede, Swansea",43.6515706,-79.4844499,Humber River Hospital,43.7243374469061,-79.48806648987852,25329
421,"Runnymede, Swansea",43.6515706,-79.4844499,The Hospital for Sick Children (SickKids),43.657498668962646,-79.3865121609307,22687
422,"Runnymede, Swansea",43.6515706,-79.4844499,St. Joseph's Health Centre,43.64026397700647,-79.45082806054978,27729
423,"Runnymede, Swansea",43.6515706,-79.4844499,Mount Sinai Hospital,43.657701,-79.389711,22846
424,"Runnymede, Swansea",43.6515706,-79.4844499,Providence HealthCare,43.71242876097498,-79.28443684050733,12749
425,"Queen's Park, Ontario Provincial Government",43.6623015,-79.3894938,Humber River Hospital,43.7243374469061,-79.48806648987852,25329
426,"Queen's Park, Ontario Provincial Government",43.6623015,-79.3894938,The Hospital for Sick Children (SickKids),43.657498668962646,-79.3865121609307,22687
427,"Queen's Park, Ontario Provincial Government",43.6623015,-79.3894938,St. Joseph's Health Centre,43.64026397700647,-79.45082806054978,27729
428,"Queen's Park, Ontario Provincial Government",43.6623015,-79.3894938,Mount Sinai Hospital,43.657701,-79.389711,22846
429,"Queen's Park, Ontario Provincial Government",43.6623015,-79.3894938,Providence HealthCare,43.71242876097498,-79.28443684050733,12749
430,Canada Post Gateway Processing Centre,43.6369656,-79.61581899999999,Humber River Hospital,43.7243374469061,-79.48806648987852,25329
431,Canada Post Gateway Processing Centre,43.6369656,-79.61581899999999,The Hospital for Sick Children (SickKids),43.657498668962646,-79.3865121609307,22687
432,Canada Post Gateway Processing Centre,43.6369656,-79.61581899999999,St. Joseph's Health Centre,43.64026397700647,-79.45082806054978,27729
433,Canada Post Gateway Processing Centre,43.6369656,-79.61581899999999,Mount Sinai Hospital,43.657701,-79.389711,22846
434,Canada Post Gateway Processing Centre,43.6369656,-79.61581899999999,Providence HealthCare,43.71242876097498,-79.28443684050733,12749
435,"Business reply mail Processing Centre, South Central Letter Processing Plant Toronto",43.6627439,-79.321558,Humber River Hospital,43.7243374469061,-79.48806648987852,25329
436,"Business reply mail Processing Centre, South Central Letter Processing Plant Toronto",43.6627439,-79.321558,The Hospital for Sick Children (SickKids),43.657498668962646,-79.3865121609307,22687
437,"Business reply mail Processing Centre, South Central Letter Processing Plant Toronto",43.6627439,-79.321558,St. Joseph's Health Centre,43.64026397700647,-79.45082806054978,27729
438,"Business reply mail Processing Centre, South Central Letter Processing Plant Toronto",43.6627439,-79.321558,Mount Sinai Hospital,43.657701,-79.389711,22846
439,"Business reply mail Processing Centre, South Central Letter Processing Plant Toronto",43.6627439,-79.321558,Providence HealthCare,43.71242876097498,-79.28443684050733,12749
440,"New Toronto, Mimico South, Humber Bay Shores",43.6056466,-79.50132070000001,Humber River Hospital,43.7243374469061,-79.48806648987852,25329
441,"New Toronto, Mimico South, Humber Bay Shores",43.6056466,-79.50132070000001,The Hospital for Sick Children (SickKids),43.657498668962646,-79.3865121609307,22687
442,"New Toronto, Mimico South, Humber Bay Shores",43.6056466,-79.50132070000001,St. Joseph's Health Centre,43.64026397700647,-79.45082806054978,27729
443,"New Toronto, Mimico South, Humber Bay Shores",43.6056466,-79.50132070000001,Mount Sinai Hospital,43.657701,-79.389711,22846
444,"New Toronto, Mimico South, Humber Bay Shores",43.6056466,-79.50132070000001,Providence HealthCare,43.71242876097498,-79.28443684050733,12749
445,"Alderwood, Long Branch",43.60241370000001,-79.54348409999999,Humber River Hospital,43.7243374469061,-79.48806648987852,25329
446,"Alderwood, Long Branch",43.60241370000001,-79.54348409999999,The Hospital for Sick Children (SickKids),43.657498668962646,-79.3865121609307,22687
447,"Alderwood, Long Branch",43.60241370000001,-79.54348409999999,St. Joseph's Health Centre,43.64026397700647,-79.45082806054978,27729
448,"Alderwood, Long Branch",43.60241370000001,-79.54348409999999,Mount Sinai Hospital,43.657701,-79.389711,22846
449,"Alderwood, Long Branch",43.60241370000001,-79.54348409999999,Providence HealthCare,43.71242876097498,-79.28443684050733,12749
450,"The Kingsway, Montgomery Road, Old Mill North",43.653653600000005,-79.5069436,Humber River Hospital,43.7243374469061,-79.48806648987852,25329
451,"The Kingsway, Montgomery Road, Old Mill North",43.653653600000005,-79.5069436,The Hospital for Sick Children (SickKids),43.657498668962646,-79.3865121609307,22687
452,"The Kingsway, Montgomery Road, Old Mill North",43.653653600000005,-79.5069436,St. Joseph's Health Centre,43.64026397700647,-79.45082806054978,27729
453,"The Kingsway, Montgomery Road, Old Mill North",43.653653600000005,-79.5069436,Mount Sinai Hospital,43.657701,-79.389711,22846
454,"The Kingsway, Montgomery Road, Old Mill North",43.653653600000005,-79.5069436,Providence HealthCare,43.71242876097498,-79.28443684050733,12749
455,"Old Mill South, King's Mill Park, Sunnylea, Humber Bay, Mimico NE, The Queensway East, Royal York South East, Kingsway Park South East",43.6362579,-79.49850909999999,Humber River Hospital,43.7243374469061,-79.48806648987852,25329
456,"Old Mill South, King's Mill Park, Sunnylea, Humber Bay, Mimico NE, The Queensway East, Royal York South East, Kingsway Park South East",43.6362579,-79.49850909999999,The Hospital for Sick Children (SickKids),43.657498668962646,-79.3865121609307,22687
457,"Old Mill South, King's Mill Park, Sunnylea, Humber Bay, Mimico NE, The Queensway East, Royal York South East, Kingsway Park South East",43.6362579,-79.49850909999999,St. Joseph's Health Centre,43.64026397700647,-79.45082806054978,27729
458,"Old Mill South, King's Mill Park, Sunnylea, Humber Bay, Mimico NE, The Queensway East, Royal York South East, Kingsway Park South East",43.6362579,-79.49850909999999,Mount Sinai Hospital,43.657701,-79.389711,22846
459,"Old Mill South, King's Mill Park, Sunnylea, Humber Bay, Mimico NE, The Queensway East, Royal York South East, Kingsway Park South East",43.6362579,-79.49850909999999,Providence HealthCare,43.71242876097498,-79.28443684050733,12749
460,"Mimico NW, The Queensway West, South of Bloor, Kingsway Park South West, Royal York South West",43.6288408,-79.52099940000001,Humber River Hospital,43.7243374469061,-79.48806648987852,25329
461,"Mimico NW, The Queensway West, South of Bloor, Kingsway Park South West, Royal York South West",43.6288408,-79.52099940000001,The Hospital for Sick Children (SickKids),43.657498668962646,-79.3865121609307,22687
462,"Mimico NW, The Queensway West, South of Bloor, Kingsway Park South West, Royal York South West",43.6288408,-79.52099940000001,St. Joseph's Health Centre,43.64026397700647,-79.45082806054978,27729
463,"Mimico NW, The Queensway West, South of Bloor, Kingsway Park South West, Royal York South West",43.6288408,-79.52099940000001,Mount Sinai Hospital,43.657701,-79.389711,22846
464,"Mimico NW, The Queensway West, South of Bloor, Kingsway Park South West, Royal York South West",43.6288408,-79.52099940000001,Providence HealthCare,43.71242876097498,-79.28443684050733,12749
465,"Islington Avenue, Humber Valley Village",43.6678556,-79.53224240000002,Humber River Hospital,43.7243374469061,-79.48806648987852,25329
466,"Islington Avenue, Humber Valley Village",43.6678556,-79.53224240000002,The Hospital for Sick Children (SickKids),43.657498668962646,-79.3865121609307,22687
467,"Islington Avenue, Humber Valley Village",43.6678556,-79.53224240000002,St. Joseph's Health Centre,43.64026397700647,-79.45082806054978,27729
468,"Islington Avenue, Humber Valley Village",43.6678556,-79.53224240000002,Mount Sinai Hospital,43.657701,-79.389711,22846
469,"Islington Avenue, Humber Valley Village",43.6678556,-79.53224240000002,Providence HealthCare,43.71242876097498,-79.28443684050733,12749
470,"West Deane Park, Princess Gardens, Martin Grove, Islington, Cloverdale",43.6509432,-79.55472440000001,Humber River Hospital,43.7243374469061,-79.48806648987852,25329
471,"West Deane Park, Princess Gardens, Martin Grove, Islington, Cloverdale",43.6509432,-79.55472440000001,The Hospital for Sick Children (SickKids),43.657498668962646,-79.3865121609307,22687
472,"West Deane Park, Princess Gardens, Martin Grove, Islington, Cloverdale",43.6509432,-79.55472440000001,St. Joseph's Health Centre,43.64026397700647,-79.45082806054978,27729
473,"West Deane Park, Princess Gardens, Martin Grove, Islington, Cloverdale",43.6509432,-79.55472440000001,Mount Sinai Hospital,43.657701,-79.389711,22846
474,"West Deane Park, Princess Gardens, Martin Grove, Islington, Cloverdale",43.6509432,-79.55472440000001,Providence HealthCare,43.71242876097498,-79.28443684050733,12749
475,"Eringate, Bloordale Gardens, Old Burnhamthorpe, Markland Wood",43.6435152,-79.57720079999999,Humber River Hospital,43.7243374469061,-79.48806648987852,25329
476,"Eringate, Bloordale Gardens, Old Burnhamthorpe, Markland Wood",43.6435152,-79.57720079999999,The Hospital for Sick Children (SickKids),43.657498668962646,-79.3865121609307,22687
477,"Eringate, Bloordale Gardens, Old Burnhamthorpe, Markland Wood",43.6435152,-79.57720079999999,St. Joseph's Health Centre,43.64026397700647,-79.45082806054978,27729
478,"Eringate, Bloordale Gardens, Old Burnhamthorpe, Markland Wood",43.6435152,-79.57720079999999,Mount Sinai Hospital,43.657701,-79.389711,22846
479,"Eringate, Bloordale Gardens, Old Burnhamthorpe, Markland Wood",43.6435152,-79.57720079999999,Providence HealthCare,43.71242876097498,-79.28443684050733,12749
480,Humber Summit,43.7563033,-79.56596329999999,Humber River Hospital,43.7243374469061,-79.48806648987852,25329
481,Humber Summit,43.7563033,-79.56596329999999,The Hospital for Sick Children (SickKids),43.657498668962646,-79.3865121609307,22687
482,Humber Summit,43.7563033,-79.56596329999999,St. Joseph's Health Centre,43.64026397700647,-79.45082806054978,27729
483,Humber Summit,43.7563033,-79.56596329999999,Mount Sinai Hospital,43.657701,-79.389711,22846
484,Humber Summit,43.7563033,-79.56596329999999,Providence HealthCare,43.71242876097498,-79.28443684050733,12749
485,"Humberlea, Emery",43.7247659,-79.53224240000002,Humber River Hospital,43.7243374469061,-79.48806648987852,25329
486,"Humberlea, Emery",43.7247659,-79.53224240000002,The Hospital for Sick Children (SickKids),43.657498668962646,-79.3865121609307,22687
487,"Humberlea, Emery",43.7247659,-79.53224240000002,St. Joseph's Health Centre,43.64026397700647,-79.45082806054978,27729
488,"Humberlea, Emery",43.7247659,-79.53224240000002,Mount Sinai Hospital,43.657701,-79.389711,22846
489,"Humberlea, Emery",43.7247659,-79.53224240000002,Providence HealthCare,43.71242876097498,-79.28443684050733,12749
490,Weston,43.706876,-79.51818840000001,Humber River Hospital,43.7243374469061,-79.48806648987852,25329
491,Weston,43.706876,-79.51818840000001,The Hospital for Sick Children (SickKids),43.657498668962646,-79.3865121609307,22687
492,Weston,43.706876,-79.51818840000001,St. Joseph's Health Centre,43.64026397700647,-79.45082806054978,27729
493,Weston,43.706876,-79.51818840000001,Mount Sinai Hospital,43.657701,-79.389711,22846
494,Weston,43.706876,-79.51818840000001,Providence HealthCare,43.71242876097498,-79.28443684050733,12749
495,Westmount,43.696319,-79.53224240000002,Humber River Hospital,43.7243374469061,-79.48806648987852,25329
496,Westmount,43.696319,-79.53224240000002,The Hospital for Sick Children (SickKids),43.657498668962646,-79.3865121609307,22687
497,Westmount,43.696319,-79.53224240000002,St. Joseph's Health Centre,43.64026397700647,-79.45082806054978,27729
498,Westmount,43.696319,-79.53224240000002,Mount Sinai Hospital,43.657701,-79.389711,22846
499,Westmount,43.696319,-79.53224240000002,Providence HealthCare,43.71242876097498,-79.28443684050733,12749
500,"Kingsview Village, St. Phillips, Martin Grove Gardens, Richview Gardens",43.6889054,-79.55472440000001,Humber River Hospital,43.7243374469061,-79.48806648987852,25329
501,"Kingsview Village, St. Phillips, Martin Grove Gardens, Richview Gardens",43.6889054,-79.55472440000001,The Hospital for Sick Children (SickKids),43.657498668962646,-79.3865121609307,22687
502,"Kingsview Village, St. Phillips, Martin Grove Gardens, Richview Gardens",43.6889054,-79.55472440000001,St. Joseph's Health Centre,43.64026397700647,-79.45082806054978,27729
503,"Kingsview Village, St. Phillips, Martin Grove Gardens, Richview Gardens",43.6889054,-79.55472440000001,Mount Sinai Hospital,43.657701,-79.389711,22846
504,"Kingsview Village, St. Phillips, Martin Grove Gardens, Richview Gardens",43.6889054,-79.55472440000001,Providence HealthCare,43.71242876097498,-79.28443684050733,12749
505,"South Steeles, Silverstone, Humbergate, Jamestown, Mount Olive, Beaumond Heights, Thistletown, Albion Gardens",43.739416399999996,-79.5884369,Humber River Hospital,43.7243374469061,-79.48806648987852,25329
506,"South Steeles, Silverstone, Humbergate, Jamestown, Mount Olive, Beaumond Heights, Thistletown, Albion Gardens",43.739416399999996,-79.5884369,The Hospital for Sick Children (SickKids),43.657498668962646,-79.3865121609307,22687
507,"South Steeles, Silverstone, Humbergate, Jamestown, Mount Olive, Beaumond Heights, Thistletown, Albion Gardens",43.739416399999996,-79.5884369,St. Joseph's Health Centre,43.64026397700647,-79.45082806054978,27729
508,"South Steeles, Silverstone, Humbergate, Jamestown, Mount Olive, Beaumond Heights, Thistletown, Albion Gardens",43.739416399999996,-79.5884369,Mount Sinai Hospital,43.657701,-79.389711,22846
509,"South Steeles, Silverstone, Humbergate, Jamestown, Mount Olive, Beaumond Heights, Thistletown, Albion Gardens",43.739416399999996,-79.5884369,Providence HealthCare,43.71242876097498,-79.28443684050733,12749
510,"Northwest, West Humber - Clairville",43.706748299999994,-79.5940544,Humber River Hospital,43.7243374469061,-79.48806648987852,25329
511,"Northwest, West Humber - Clairville",43.706748299999994,-79.5940544,The Hospital for Sick Children (SickKids),43.657498668962646,-79.3865121609307,22687
512,"Northwest, West Humber - Clairville",43.706748299999994,-79.5940544,St. Joseph's Health Centre,43.64026397700647,-79.45082806054978,27729
513,"Northwest, West Humber - Clairville",43.706748299999994,-79.5940544,Mount Sinai Hospital,43.657701,-79.389711,22846
514,"Northwest, West Humber - Clairville",43.706748299999994,-79.5940544,Providence HealthCare,43.71242876097498,-79.28443684050733,12749
